Business Name,Phone Number,Address,Email,Social Links,Website
Adarsho flower shop,,"Opposite Bangladesh national Museum,shahbag flower market,dhaka 1000, Dhaka 1000, Bangladesh",,[],
Pushpo Nir,,"House #, 15/B Rd 35, Dhaka 1212, Bangladesh",,[],
Orpon Puspaloy- 1,,"Shop No: 5, Bornomala Market, Nurpur, Dania, Noyapara, Jatrabari, Dhaka 1236, Bangladesh",,[],
JMC Florist,,"House no: 29, Block: E, Road No. 17, Dhaka 1213, Bangladesh",,[],
Shourav Pushpo Koli,,"876/1, South Sahajahanpur, Dhaka 1217, Bangladesh",,[],
Anisa Flower Shop,,"Civil Aviation High School Rd, Dhaka 1215, Bangladesh",,[],
JH flower shop,,"Dhaka, Bangladesh",,[],
Rose Valley Flower Shop,,"1213, 17 Rd No. 19/A, Dhaka 1213, Bangladesh",,[],
New Hasna Hena Puspha Bitan,,"2 No, Vishwavidhyalay Market, Dhaka 1000, Bangladesh",,[],
Pushpo Nir - One Stop Floral Decor & Design,,"H 7 Rd 127, Dhaka 1212, Bangladesh",,[],
Mohuwa Puspaloy,,"PCR5+MCP, Bailey Rd, Dhaka 1205, Bangladesh",,[],
Flower source bd,,"Q93C+97P, Road No 16, Dhaka 1209, Bangladesh",,[],
JMC Florist Mohammadpur,,"22, 14 তাজমহল রোড, Dhaka 1207, Bangladesh",,[],
Floreria ফ্লোরেরিয়া,,"House 37 Rd 12, Dhaka 1213, Bangladesh",,[],
মিলি পুষ্পালয়,,"Y, 13/A Nurjahan Rd, Dhaka 1207, Bangladesh",,[],
Lamisa Flower Shop,,"Dhaka 1212, Bangladesh",,[],
Flower Garden,,"Plot 32, Road 2, Block B, Dhaka 1212, Bangladesh",,[],
Ma-Mony Puspaloy,,"37 Korimullar Bag, Near Cotton Mill, Gostgola, Dhaka 1204, Bangladesh",,[],
Gulshan Flower Shop,,"QCV7+M33, Kemal Ataturk Ave, Dhaka 1212, Bangladesh",,[],
Banani Flower Center Shop,,"Road No. 17, Dhaka 1213, Bangladesh",,[],
